Codon #,Codon,AA,%MinMax,Avg RRT,STDev,2 STDev Above,2 STDev Below
1,ATG,M,,,,,
2,GAT,D,,,,,
3,CCA,P,,,,,
4,AGT,S,,,,,
5,GGG,G,,,,,
6,GTA,V,,,,,
7,AAA,K,,,,,
8,GTG,V,,,,,
9,TTG,L,,,,,
10,GAA,E,-2.76,24.12,23.134707186889475,70.38941437377895,-22.14941437377895
11,ACA,T,6.86,27.09,22.77348777586312,72.63697555172624,-18.45697555172624
12,GCA,A,13.27,28.64,22.410688576040258,73.46137715208052,-16.181377152080515
13,GAA,E,8.63,27.63,22.05596569846716,71.74193139693432,-16.481931396934318
14,GAT,D,6.79,28.77,21.49863220494311,71.76726440988622,-14.22726440988622
15,ATC,I,6.04,28.71,21.34937669856161,71.40875339712322,-13.988753397123219
16,CAA,Q,8.35,28.96,21.5468930239356,72.0537860478712,-14.133786047871197
17,GAA,E,10.49,29.07,21.45504308001563,71.98008616003126,-13.840086160031262
18,CGG,R,3.99,29.45,22.51913701626433,74.48827403252866,-15.588274032528663
19,CGT,R,,,,,
20,CAG,Q,,,,,
21,CAG,Q,,,,,
22,GTT,V,,,,,
23,TTG,L,,,,,
24,GAC,D,,,,,
25,CGT,R,,,,,
26,TAC,Y,,,,,
27,CAC,H,,,,,
