Codon #,Codon,AA,%MinMax,Avg RRT,STDev,2 STDev Above,2 STDev Below
1,ATG,M,,,,,
2,GAT,D,,,,,
3,CCA,P,,,,,
4,AGT,S,,,,,
5,GGG,G,,,,,
6,GTA,V,,,,,
7,AAA,K,,,,,
8,GTG,V,,,,,
9,TTG,L,,,,,
10,GAA,E,-2.76,28.12,21.81913876490571,71.75827752981142,-15.518277529811417
11,ACA,T,6.86,30.44,21.78117612445025,74.00235224890051,-13.122352248900501
12,GCA,A,13.27,31.17,22.249292710738935,75.66858542147787,-13.328585421477868
13,GAA,E,8.63,30.4,21.430075165183794,73.2601503303676,-12.46015033036759
14,GAT,D,6.79,30.34,20.035991985279164,70.41198397055832,-9.731983970558328
15,ATC,I,6.04,30.2,20.039971308555774,70.27994261711154,-9.87994261711155
16,CAA,Q,8.35,29.9,20.514394074863482,70.92878814972696,-11.128788149726965
17,GAA,E,10.49,29.86,20.40456169905772,70.66912339811543,-10.94912339811544
18,CGG,R,3.99,30.32,21.29299214323953,72.90598428647905,-12.26598428647906
19,CGT,R,,,,,
20,CAG,Q,,,,,
21,CAG,Q,,,,,
22,GTT,V,,,,,
23,TTG,L,,,,,
24,GAC,D,,,,,
25,CGT,R,,,,,
26,TAC,Y,,,,,
27,CAC,H,,,,,
