Codon #,Codon,AA,%MinMax,Avg RRT,STDev,2 STDev Above,2 STDev Below
1,ATG,M,,,,,
2,GAT,D,,,,,
3,CCA,P,,,,,
4,AGT,S,,,,,
5,GGG,G,,,,,
6,GTA,V,,,,,
7,AAA,K,,,,,
8,GTG,V,,,,,
9,TTG,L,1.67,25.69,22.914886022071386,71.51977204414277,-20.13977204414277
10,GAA,E,1.3,25.79,22.163120366090354,70.1162407321807,-18.53624073218071
11,ACA,T,-5.03,25.75,21.604783830946086,68.95956766189218,-17.459567661892173
12,GCA,A,1.54,27.09,21.609623414536646,70.30924682907329,-16.129246829073292
13,GAA,E,11.56,27.92,22.203779276245772,72.32755855249155,-16.487558552491542
14,GAT,D,10.76,27.97,20.837792937594187,69.64558587518837,-13.705585875188376
15,ATC,I,13.67,28.24,20.736976486678216,69.71395297335643,-13.233952973356434
16,CAA,Q,12.92,28.07,20.571442394029017,69.21288478805803,-13.072884788058033
17,GAA,E,1.58,28.33,20.804008084003826,69.93801616800765,-13.278016168007653
18,CGG,R,5.36,28.21,21.267326226494024,70.74465245298805,-14.324652452988047
19,CGT,R,9.17,28.65,21.630782561168303,71.91156512233661,-14.611565122336607
20,CAG,Q,,,,,
21,CAG,Q,,,,,
22,GTT,V,,,,,
23,TTG,L,,,,,
24,GAC,D,,,,,
25,CGT,R,,,,,
26,TAC,Y,,,,,
27,CAC,H,,,,,
